#,Freq,Mode,Shift,Offset,"TX Freq",Enc/Dec,Tone,Code,Show,Name,Power,Scan,Clk,Step,Scan2,Scan3,Scan4,Scan5,Scan6,Description
1,"0.0000 ",FM,Minus,0,,0,,,Name,GB3AA,4,0,Off,,,,,,,
2,"0.0000 ",FM,Minus,0,,0,,,Name,GB3AC,4,0,Off,,,,,,,
3,"0.0000 ",FM,Minus,0,,0,,,Name,GB3AE,4,0,Off,,,,,,,
4,"0.0000 ",FM,Minus,0,,0,,,Name,GB3AG,4,0,Off,,,,,,,
5,"0.0000 ",FM,Minus,0,,0,,,Name,GB3AH,4,0,Off,,,,,,,
6,"0.0000 ",FM,Minus,0,,0,,,Name,GB3AK,4,0,Off,,,,,,,
7,"0.0000 ",FM,Minus,0,,0,,,Name,GB3AL,4,0,Off,,,,,,,
8,"0.0000 ",FM,Minus,0,,0,,,Name,GB3AM,4,0,Off,,,,,,,
9,"0.0000 ",FM,Minus,0,,0,,,Name,GB3AN,4,0,Off,,,,,,,
10,"0.0000 ",FM,Minus,0,,0,,,Name,GB3AP,4,0,Off,,,,,,,
11,"0.0000 ",FM,Minus,0,,0,,,Name,GB3AR,4,0,Off,,,,,,,
12,"0.0000 ",FM,Minus,0,,0,,,Name,GB3AS,4,0,Off,,,,,,,
13,"0.0000 ",FM,Minus,0,,0,,,Name,GB3AU,4,0,Off,,,,,,,
14,"0.0000 ",FM,Minus,0,,0,,,Name,GB3AV,4,0,Off,,,,,,,
15,"0.0000 ",FM,Minus,0,,0,,,Name,GB3AW,4,0,Off,,,,,,,
16,"0.0000 ",FM,Minus,0,,0,,,Name,GB3AY,4,0,Off,,,,,,,
17,"0.0000 ",FM,Minus,0,,0,,,Name,GB3BB,4,0,Off,,,,,,,
18,"0.0000 ",FM,Minus,0,,0,,,Name,GB3BC,4,0,Off,,,,,,,
19,"0.0000 ",FM,Minus,0,,0,,,Name,GB3BE,4,0,Off,,,,,,,
20,"0.0000 ",FM,Minus,0,,0,,,Name,GB3BF,4,0,Off,,,,,,,
21,"0.0000 ",FM,Minus,0,,0,,,Name,GB3BG,4,0,Off,,,,,,,
22,"0.0000 ",FM,Minus,0,,0,,,Name,GB3BI,4,0,Off,,,,,,,
23,"0.0000 ",FM,Minus,0,,0,,,Name,GB3BK,4,0,Off,,,,,,,
24,"0.0000 ",FM,Minus,0,,0,,,Name,GB3BL,4,0,Off,,,,,,,
25,"0.0000 ",FM,Minus,0,,0,,,Name,GB3BM,4,0,Off,,,,,,,
26,"0.0000 ",FM,Minus,0,,0,,,Name,GB3BN,4,0,Off,,,,,,,
27,"0.0000 ",FM,Minus,0,,0,,,Name,GB3BR,4,0,Off,,,,,,,
28,"0.0000 ",FM,Minus,0,,0,,,Name,GB3BS,4,0,Off,,,,,,,
29,"0.0000 ",FM,Minus,0,,0,,,Name,GB3BT,4,0,Off,,,,,,,
30,"0.0000 ",FM,Minus,0,,0,,,Name,GB3BV,4,0,Off,,,,,,,
31,"0.0000 ",FM,Minus,0,,0,,,Name,GB3BX,4,0,Off,,,,,,,
32,"0.0000 ",FM,Minus,0,,0,,,Name,GB3BZ,4,0,Off,,,,,,,
33,"0.0000 ",FM,Minus,0,,0,,,Name,GB3CA,4,0,Off,,,,,,,
34,"0.0000 ",FM,Minus,0,,0,,,Name,GB3CB,4,0,Off,,,,,,,
35,"0.0000 ",FM,Minus,0,,0,,,Name,GB3CC,4,0,Off,,,,,,,
36,"0.0000 ",FM,Minus,0,,0,,,Name,GB3CD,4,0,Off,,,,,,,
37,"0.0000 ",FM,Minus,0,,0,,,Name,GB3CE,4,0,Off,,,,,,,
38,"0.0000 ",FM,Minus,0,,0,,,Name,GB3CF,4,0,Off,,,,,,,
39,"0.0000 ",FM,Minus,0,,0,,,Name,GB3CG,4,0,Off,,,,,,,
40,"0.0000 ",FM,Minus,0,,0,,,Name,GB3CH,4,0,Off,,,,,,,
41,"0.0000 ",FM,Minus,0,,0,,,Name,GB3CI,4,0,Off,,,,,,,
42,"0.0000 ",FM,Minus,0,,0,,,Name,GB3CJ,4,0,Off,,,,,,,
43,"0.0000 ",FM,Minus,0,,0,,,Name,GB3CK,4,0,Off,,,,,,,
44,"0.0000 ",FM,Minus,0,,0,,,Name,GB3CL,4,0,Off,,,,,,,
45,"0.0000 ",FM,Minus,0,,0,,,Name,GB3CM,4,0,Off,,,,,,,
46,"0.0000 ",FM,Minus,0,,0,,,Name,GB3CO,4,0,Off,,,,,,,
47,"0.0000 ",FM,Minus,0,,0,,,Name,GB3CP,4,0,Off,,,,,,,
48,"0.0000 ",FM,Minus,0,,0,,,Name,GB3CR,4,0,Off,,,,,,,
49,"0.0000 ",FM,Minus,0,,0,,,Name,GB3CS,4,0,Off,,,,,,,
50,"0.0000 ",FM,Minus,0,,0,,,Name,GB3CT,4,0,Off,,,,,,,
51,"0.0000 ",FM,Minus,0,,0,,,Name,GB3CV,4,0,Off,,,,,,,
52,"0.0000 ",FM,Minus,0,,0,,,Name,GB3CW,4,0,Off,,,,,,,
53,"0.0000 ",FM,Minus,0,,0,,,Name,GB3DA,4,0,Off,,,,,,,
54,"0.0000 ",FM,Minus,0,,0,,,Name,GB3DB,4,0,Off,,,,,,,
55,"0.0000 ",FM,Minus,0,,0,,,Name,GB3DC,4,0,Off,,,,,,,
56,"0.0000 ",FM,Minus,0,,0,,,Name,GB3DD,4,0,Off,,,,,,,
57,"0.0000 ",FM,Minus,0,,0,,,Name,GB3DE,4,0,Off,,,,,,,
58,"0.0000 ",FM,Minus,0,,0,,,Name,GB3DG,4,0,Off,,,,,,,
59,"0.0000 ",FM,Minus,0,,0,,,Name,GB3DI,4,0,Off,,,,,,,
60,"0.0000 ",FM,Minus,0,,0,,,Name,GB3DM,4,0,Off,,,,,,,
61,"0.0000 ",FM,Minus,0,,0,,,Name,GB3DM,4,0,Off,,,,,,,
62,"0.0000 ",FM,Minus,0,,0,,,Name,GB3DN,4,0,Off,,,,,,,
63,"0.0000 ",FM,Minus,0,,0,,,Name,GB3DQ,4,0,Off,,,,,,,
64,"0.0000 ",FM,Minus,0,,0,,,Name,GB3DR,4,0,Off,,,,,,,
65,"0.0000 ",FM,Minus,0,,0,,,Name,GB3DS,4,0,Off,,,,,,,
66,"0.0000 ",FM,Minus,0,,0,,,Name,GB3DT,4,0,Off,,,,,,,
67,"0.0000 ",FM,Minus,0,,0,,,Name,GB3DU,4,0,Off,,,,,,,
68,"0.0000 ",FM,Minus,0,,0,,,Name,GB3DV,4,0,Off,,,,,,,
69,"0.0000 ",FM,Minus,0,,0,,,Name,GB3DW,4,0,Off,,,,,,,
70,"0.0000 ",FM,Minus,0,,0,,,Name,GB3DX,4,0,Off,,,,,,,
71,"0.0000 ",FM,Minus,0,,0,,,Name,GB3DY,4,0,Off,,,,,,,
72,"0.0000 ",FM,Minus,0,,0,,,Name,GB3EA,4,0,Off,,,,,,,
73,"0.0000 ",FM,Minus,0,,0,,,Name,GB3EB,4,0,Off,,,,,,,
74,"0.0000 ",FM,Minus,0,,0,,,Name,GB3ED,4,0,Off,,,,,,,
75,"0.0000 ",FM,Minus,0,,0,,,Name,GB3EE,4,0,Off,,,,,,,
76,"0.0000 ",FM,Minus,0,,0,,,Name,GB3EF,4,0,Off,,,,,,,
77,"0.0000 ",FM,Minus,0,,0,,,Name,GB3EH,4,0,Off,,,,,,,
78,"0.0000 ",FM,Minus,0,,0,,,Name,GB3EK,4,0,Off,,,,,,,
79,"0.0000 ",FM,Minus,0,,0,,,Name,GB3EL,4,0,Off,,,,,,,
80,"0.0000 ",FM,Minus,0,,0,,,Name,GB3ER,4,0,Off,,,,,,,
81,"0.0000 ",FM,Minus,0,,0,,,Name,GB3ES,4,0,Off,,,,,,,
82,"0.0000 ",FM,Minus,0,,0,,,Name,GB3EV,4,0,Off,,,,,,,
83,"0.0000 ",FM,Minus,0,,0,,,Name,GB3EW,4,0,Off,,,,,,,
84,"0.0000 ",FM,Minus,0,,0,,,Name,GB3EX,4,0,Off,,,,,,,
85,"0.0000 ",FM,Minus,0,,0,,,Name,GB3EZ,4,0,Off,,,,,,,
86,"0.0000 ",FM,Minus,0,,0,,,Name,GB3FC,4,0,Off,,,,,,,
87,"0.0000 ",FM,Minus,0,,0,,,Name,GB3FE,4,0,Off,,,,,,,
88,"0.0000 ",FM,Minus,0,,0,,,Name,GB3FF,4,0,Off,,,,,,,
89,"0.0000 ",FM,Minus,0,,0,,,Name,GB3FG,4,0,Off,,,,,,,
90,"0.0000 ",FM,Minus,0,,0,,,Name,GB3FH,4,0,Off,,,,,,,
91,"0.0000 ",FM,Minus,0,,0,,,Name,GB3FI,4,0,Off,,,,,,,
92,"0.0000 ",FM,Minus,0,,0,,,Name,GB3FJ,4,0,Off,,,,,,,
93,"0.0000 ",FM,Minus,0,,0,,,Name,GB3FK,4,0,Off,,,,,,,
94,"0.0000 ",FM,Minus,0,,0,,,Name,GB3FM,4,0,Off,,,,,,,
95,"0.0000 ",FM,Minus,0,,0,,,Name,GB3FN,4,0,Off,,,,,,,
96,"0.0000 ",FM,Minus,0,,0,,,Name,GB3FR,4,0,Off,,,,,,,
97,"0.0000 ",FM,Minus,0,,0,,,Name,GB3FX,4,0,Off,,,,,,,
98,"0.0000 ",FM,Minus,0,,0,,,Name,GB3GB,4,0,Off,,,,,,,
99,"0.0000 ",FM,Minus,0,,0,,,Name,GB3GC,4,0,Off,,,,,,,
100,"0.0000 ",FM,Minus,0,,0,,,Name,GB3GD,4,0,Off,,,,,,,
101,"0.0000 ",FM,Minus,0,,0,,,Name,GB3GF,4,0,Off,,,,,,,
102,"0.0000 ",FM,Minus,0,,0,,,Name,GB3GH,4,0,Off,,,,,,,
103,"0.0000 ",FM,Minus,0,,0,,,Name,GB3GJ,4,0,Off,,,,,,,
104,"0.0000 ",FM,Minus,0,,0,,,Name,GB3GL,4,0,Off,,,,,,,
105,"0.0000 ",FM,Minus,0,,0,,,Name,GB3GN,4,0,Off,,,,,,,
106,"0.0000 ",FM,Minus,0,,0,,,Name,GB3GO,4,0,Off,,,,,,,
107,"0.0000 ",FM,Minus,0,,0,,,Name,GB3GR,4,0,Off,,,,,,,
108,"0.0000 ",FM,Minus,0,,0,,,Name,GB3GT,4,0,Off,,,,,,,
109,"0.0000 ",FM,Minus,0,,0,,,Name,GB3GU,4,0,Off,,,,,,,
110,"0.0000 ",FM,Minus,0,,0,,,Name,GB3GX,4,0,Off,,,,,,,
111,"0.0000 ",FM,Minus,0,,0,,,Name,GB3GY,4,0,Off,,,,,,,
112,"0.0000 ",FM,Minus,0,,0,,,Name,GB3HA,4,0,Off,,,,,,,
113,"0.0000 ",FM,Minus,0,,0,,,Name,GB3HB,4,0,Off,,,,,,,
114,"0.0000 ",FM,Minus,0,,0,,,Name,GB3HC,4,0,Off,,,,,,,
115,"0.0000 ",FM,Minus,0,,0,,,Name,GB3HD,4,0,Off,,,,,,,
116,"0.0000 ",FM,Minus,0,,0,,,Name,GB3HE,4,0,Off,,,,,,,
117,"0.0000 ",FM,Minus,0,,0,,,Name,GB3HF,4,0,Off,,,,,,,
118,"0.0000 ",FM,Minus,0,,0,,,Name,GB3HG,4,0,Off,,,,,,,
119,"0.0000 ",FM,Minus,0,,0,,,Name,GB3HH,4,0,Off,,,,,,,
120,"0.0000 ",FM,Minus,0,,0,,,Name,GB3HI,4,0,Off,,,,,,,
121,"0.0000 ",FM,Minus,0,,0,,,Name,GB3HJ,4,0,Off,,,,,,,
122,"0.0000 ",FM,Minus,0,,0,,,Name,GB3HK,4,0,Off,,,,,,,
123,"0.0000 ",FM,Minus,0,,0,,,Name,GB3HM,4,0,Off,,,,,,,
124,"0.0000 ",FM,Minus,0,,0,,,Name,GB3HN,4,0,Off,,,,,,,
125,"0.0000 ",FM,Minus,0,,0,,,Name,GB3HR,4,0,Off,,,,,,,
126,"0.0000 ",FM,Minus,0,,0,,,Name,GB3HS,4,0,Off,,,,,,,
127,"0.0000 ",FM,Minus,0,,0,,,Name,GB3HT,4,0,Off,,,,,,,
128,"0.0000 ",FM,Minus,0,,0,,,Name,GB3HW,4,0,Off,,,,,,,
129,"0.0000 ",FM,Minus,0,,0,,,Name,GB3IC,4,0,Off,,,,,,,
130,"0.0000 ",FM,Minus,0,,0,,,Name,GB3IE,4,0,Off,,,,,,,
131,"0.0000 ",FM,Minus,0,,0,,,Name,GB3IG,4,0,Off,,,,,,,
132,"0.0000 ",FM,Minus,0,,0,,,Name,GB3IH,4,0,Off,,,,,,,
133,"0.0000 ",FM,Minus,0,,0,,,Name,GB3IK,4,0,Off,,,,,,,
134,"0.0000 ",FM,Minus,0,,0,,,Name,GB3IM-C,4,0,Off,,,,,,,
135,"0.0000 ",FM,Minus,0,,0,,,Name,GB3IM-R,4,0,Off,,,,,,,
136,"0.0000 ",FM,Minus,0,,0,,,Name,GB3IM-S,4,0,Off,,,,,,,
137,"0.0000 ",FM,Minus,0,,0,,,Name,GB3IN,4,0,Off,,,,,,,
138,"0.0000 ",FM,Minus,0,,0,,,Name,GB3IP,4,0,Off,,,,,,,
139,"0.0000 ",FM,Minus,0,,0,,,Name,GB3IR,4,0,Off,,,,,,,
140,"0.0000 ",FM,Minus,0,,0,,,Name,GB3IS,4,0,Off,,,,,,,
141,"0.0000 ",FM,Minus,0,,0,,,Name,GB3IW,4,0,Off,,,,,,,
142,"0.0000 ",FM,Minus,0,,0,,,Name,GB3JB,4,0,Off,,,,,,,
143,"0.0000 ",FM,Minus,0,,0,,,Name,GB3JC,4,0,Off,,,,,,,
144,"0.0000 ",FM,Minus,0,,0,,,Name,GB3JL,4,0,Off,,,,,,,
145,"0.0000 ",FM,Minus,0,,0,,,Name,GB3JS,4,0,Off,,,,,,,
146,"0.0000 ",FM,Minus,0,,0,,,Name,GB3JX,4,0,Off,,,,,,,
147,"0.0000 ",FM,Minus,0,,0,,,Name,GB3KC,4,0,Off,,,,,,,
148,"0.0000 ",FM,Minus,0,,0,,,Name,GB3KD,4,0,Off,,,,,,,
149,"0.0000 ",FM,Minus,0,,0,,,Name,GB3KE,4,0,Off,,,,,,,
150,"0.0000 ",FM,Minus,0,,0,,,Name,GB3KI,4,0,Off,,,,,,,
151,"0.0000 ",FM,Minus,0,,0,,,Name,GB3KK,4,0,Off,,,,,,,
152,"0.0000 ",FM,Minus,0,,0,,,Name,GB3KL,4,0,Off,,,,,,,
153,"0.0000 ",FM,Minus,0,,0,,,Name,GB3KN,4,0,Off,,,,,,,
154,"0.0000 ",FM,Minus,0,,0,,,Name,GB3KR,4,0,Off,,,,,,,
155,"0.0000 ",FM,Minus,0,,0,,,Name,GB3KS,4,0,Off,,,,,,,
156,"0.0000 ",FM,Minus,0,,0,,,Name,GB3KV,4,0,Off,,,,,,,
157,"0.0000 ",FM,Minus,0,,0,,,Name,GB3KY,4,0,Off,,,,,,,
158,"0.0000 ",FM,Minus,0,,0,,,Name,GB3LA,4,0,Off,,,,,,,
159,"0.0000 ",FM,Minus,0,,0,,,Name,GB3LB,4,0,Off,,,,,,,
160,"0.0000 ",FM,Minus,0,,0,,,Name,GB3LC,4,0,Off,,,,,,,
161,"0.0000 ",FM,Minus,0,,0,,,Name,GB3LD,4,0,Off,,,,,,,
162,"0.0000 ",FM,Minus,0,,0,,,Name,GB3LE,4,0,Off,,,,,,,
163,"0.0000 ",FM,Minus,0,,0,,,Name,GB3LF,4,0,Off,,,,,,,
164,"0.0000 ",FM,Minus,0,,0,,,Name,GB3LH,4,0,Off,,,,,,,
165,"0.0000 ",FM,Minus,0,,0,,,Name,GB3LI,4,0,Off,,,,,,,
166,"0.0000 ",FM,Minus,0,,0,,,Name,GB3LL,4,0,Off,,,,,,,
167,"0.0000 ",FM,Minus,0,,0,,,Name,GB3LM,4,0,Off,,,,,,,
168,"0.0000 ",FM,Minus,0,,0,,,Name,GB3LP,4,0,Off,,,,,,,
169,"0.0000 ",FM,Minus,0,,0,,,Name,GB3LR,4,0,Off,,,,,,,
170,"0.0000 ",FM,Minus,0,,0,,,Name,GB3LS,4,0,Off,,,,,,,
171,"0.0000 ",FM,Minus,0,,0,,,Name,GB3LT,4,0,Off,,,,,,,
172,"0.0000 ",FM,Minus,0,,0,,,Name,GB3LU,4,0,Off,,,,,,,
173,"0.0000 ",FM,Minus,0,,0,,,Name,GB3LV,4,0,Off,,,,,,,
174,"0.0000 ",FM,Minus,0,,0,,,Name,GB3LW,4,0,Off,,,,,,,
175,"0.0000 ",FM,Minus,0,,0,,,Name,GB3LY,4,0,Off,,,,,,,
176,"0.0000 ",FM,Minus,0,,0,,,Name,GB3MA,4,0,Off,,,,,,,
177,"0.0000 ",FM,Minus,0,,0,,,Name,GB3MD,4,0,Off,,,,,,,
178,"0.0000 ",FM,Minus,0,,0,,,Name,GB3ME,4,0,Off,,,,,,,
179,"0.0000 ",FM,Minus,0,,0,,,Name,GB3MF,4,0,Off,,,,,,,
180,"0.0000 ",FM,Minus,0,,0,,,Name,GB3MG,4,0,Off,,,,,,,
181,"0.0000 ",FM,Minus,0,,0,,,Name,GB3MH,4,0,Off,,,,,,,
182,"0.0000 ",FM,Minus,0,,0,,,Name,GB3MI,4,0,Off,,,,,,,
183,"0.0000 ",FM,Minus,0,,0,,,Name,GB3MK,4,0,Off,,,,,,,
184,"0.0000 ",FM,Minus,0,,0,,,Name,GB3MM,4,0,Off,,,,,,,
185,"0.0000 ",FM,Minus,0,,0,,,Name,GB3MN,4,0,Off,,,,,,,
186,"0.0000 ",FM,Minus,0,,0,,,Name,GB3MP,4,0,Off,,,,,,,
187,"0.0000 ",FM,Minus,0,,0,,,Name,GB3MR,4,0,Off,,,,,,,
188,"0.0000 ",FM,Minus,0,,0,,,Name,GB3MS,4,0,Off,,,,,,,
189,"0.0000 ",FM,Minus,0,,0,,,Name,GB3MT,4,0,Off,,,,,,,
190,"0.0000 ",FM,Minus,0,,0,,,Name,GB3MW,4,0,Off,,,,,,,
191,"0.0000 ",FM,Minus,0,,0,,,Name,GB3NA,4,0,Off,,,,,,,
192,"0.0000 ",FM,Minus,0,,0,,,Name,GB3NB,4,0,Off,,,,,,,
193,"0.0000 ",FM,Minus,0,,0,,,Name,GB3NC,4,0,Off,,,,,,,
194,"0.0000 ",FM,Minus,0,,0,,,Name,GB3ND,4,0,Off,,,,,,,
195,"0.0000 ",FM,Minus,0,,0,,,Name,GB3NE,4,0,Off,,,,,,,
196,"0.0000 ",FM,Minus,0,,0,,,Name,GB3NF,4,0,Off,,,,,,,
197,"0.0000 ",FM,Minus,0,,0,,,Name,GB3NG,4,0,Off,,,,,,,
198,"0.0000 ",FM,Minus,0,,0,,,Name,GB3NH,4,0,Off,,,,,,,
199,"0.0000 ",FM,Minus,0,,0,,,Name,GB3NI,4,0,Off,,,,,,,
200,"0.0000 ",FM,Minus,0,,0,,,Name,GB3NK,4,0,Off,,,,,,,
201,"0.0000 ",FM,Minus,0,,0,,,Name,GB3NL,4,0,Off,,,,,,,
202,"0.0000 ",FM,Minus,0,,0,,,Name,GB3NM,4,0,Off,,,,,,,
203,"0.0000 ",FM,Minus,0,,0,,,Name,GB3NN,4,0,Off,,,,,,,
204,"0.0000 ",FM,Minus,0,,0,,,Name,GB3NO,4,0,Off,,,,,,,
205,"0.0000 ",FM,Minus,0,,0,,,Name,GB3NP,4,0,Off,,,,,,,
206,"0.0000 ",FM,Minus,0,,0,,,Name,GB3NR,4,0,Off,,,,,,,
207,"0.0000 ",FM,Minus,0,,0,,,Name,GB3NS,4,0,Off,,,,,,,
208,"0.0000 ",FM,Minus,0,,0,,,Name,GB3NT,4,0,Off,,,,,,,
209,"0.0000 ",FM,Minus,0,,0,,,Name,GB3NU,4,0,Off,,,,,,,
210,"0.0000 ",FM,Minus,0,,0,,,Name,GB3NW,4,0,Off,,,,,,,
211,"0.0000 ",FM,Minus,0,,0,,,Name,GB3NX,4,0,Off,,,,,,,
212,"0.0000 ",FM,Minus,0,,0,,,Name,GB3NY,4,0,Off,,,,,,,
213,"0.0000 ",FM,Minus,0,,0,,,Name,GB3OA,4,0,Off,,,,,,,
214,"0.0000 ",FM,Minus,0,,0,,,Name,GB3OC,4,0,Off,,,,,,,
215,"0.0000 ",FM,Minus,0,,0,,,Name,GB3OH,4,0,Off,,,,,,,
216,"0.0000 ",FM,Minus,0,,0,,,Name,GB3OK,4,0,Off,,,,,,,
217,"0.0000 ",FM,Minus,0,,0,,,Name,GB3OM,4,0,Off,,,,,,,
218,"0.0000 ",FM,Minus,0,,0,,,Name,GB3OV,4,0,Off,,,,,,,
219,"0.0000 ",FM,Minus,0,,0,,,Name,GB3OY,4,0,Off,,,,,,,
220,"0.0000 ",FM,Minus,0,,0,,,Name,GB3PA,4,0,Off,,,,,,,
221,"0.0000 ",FM,Minus,0,,0,,,Name,GB3PC,4,0,Off,,,,,,,
222,"0.0000 ",FM,Minus,0,,0,,,Name,GB3PE,4,0,Off,,,,,,,
223,"0.0000 ",FM,Minus,0,,0,,,Name,GB3PI,4,0,Off,,,,,,,
224,"0.0000 ",FM,Minus,0,,0,,,Name,GB3PK,4,0,Off,,,,,,,
225,"0.0000 ",FM,Minus,0,,0,,,Name,GB3PL,4,0,Off,,,,,,,
226,"0.0000 ",FM,Minus,0,,0,,,Name,GB3PO,4,0,Off,,,,,,,
227,"0.0000 ",FM,Minus,0,,0,,,Name,GB3PP,4,0,Off,,,,,,,
228,"0.0000 ",FM,Minus,0,,0,,,Name,GB3PR,4,0,Off,,,,,,,
229,"0.0000 ",FM,Minus,0,,0,,,Name,GB3PS,4,0,Off,,,,,,,
230,"0.0000 ",FM,Minus,0,,0,,,Name,GB3PU,4,0,Off,,,,,,,
231,"0.0000 ",FM,Minus,0,,0,,,Name,GB3PW,4,0,Off,,,,,,,
232,"0.0000 ",FM,Minus,0,,0,,,Name,GB3PX,4,0,Off,,,,,,,
233,"0.0000 ",FM,Minus,0,,0,,,Name,GB3PY,4,0,Off,,,,,,,
234,"0.0000 ",FM,Minus,0,,0,,,Name,GB3PZ,4,0,Off,,,,,,,
235,"0.0000 ",FM,Minus,0,,0,,,Name,GB3RA,4,0,Off,,,,,,,
236,"0.0000 ",FM,Minus,0,,0,,,Name,GB3RB,4,0,Off,,,,,,,
237,"0.0000 ",FM,Minus,0,,0,,,Name,GB3RD,4,0,Off,,,,,,,
238,"0.0000 ",FM,Minus,0,,0,,,Name,GB3RE,4,0,Off,,,,,,,
239,"0.0000 ",FM,Minus,0,,0,,,Name,GB3RF,4,0,Off,,,,,,,
240,"0.0000 ",FM,Minus,0,,0,,,Name,GB3RH,4,0,Off,,,,,,,
241,"0.0000 ",FM,Minus,0,,0,,,Name,GB3RU,4,0,Off,,,,,,,
242,"0.0000 ",FM,Minus,0,,0,,,Name,GB3SB,4,0,Off,,,,,,,
243,"0.0000 ",FM,Minus,0,,0,,,Name,GB3SC,4,0,Off,,,,,,,
244,"0.0000 ",FM,Minus,0,,0,,,Name,GB3SD,4,0,Off,,,,,,,
245,"0.0000 ",FM,Minus,0,,0,,,Name,GB3SE,4,0,Off,,,,,,,
246,"0.0000 ",FM,Minus,0,,0,,,Name,GB3SF,4,0,Off,,,,,,,
247,"0.0000 ",FM,Minus,0,,0,,,Name,GB3SG,4,0,Off,,,,,,,
248,"0.0000 ",FM,Minus,0,,0,,,Name,GB3SI,4,0,Off,,,,,,,
249,"0.0000 ",FM,Minus,0,,0,,,Name,GB3SK,4,0,Off,,,,,,,
250,"0.0000 ",FM,Minus,0,,0,,,Name,GB3SL,4,0,Off,,,,,,,
251,"0.0000 ",FM,Minus,0,,0,,,Name,GB3SM,4,0,Off,,,,,,,
252,"0.0000 ",FM,Minus,0,,0,,,Name,GB3SN,4,0,Off,,,,,,,
253,"0.0000 ",FM,Minus,0,,0,,,Name,GB3SO,4,0,Off,,,,,,,
254,"0.0000 ",FM,Minus,0,,0,,,Name,GB3SP,4,0,Off,,,,,,,
255,"0.0000 ",FM,Minus,0,,0,,,Name,GB3SS,4,0,Off,,,,,,,
256,"0.0000 ",FM,Minus,0,,0,,,Name,GB3ST,4,0,Off,,,,,,,
257,"0.0000 ",FM,Minus,0,,0,,,Name,GB3SW,4,0,Off,,,,,,,
258,"0.0000 ",FM,Minus,0,,0,,,Name,GB3SX,4,0,Off,,,,,,,
259,"0.0000 ",FM,Minus,0,,0,,,Name,GB3SY,4,0,Off,,,,,,,
260,"0.0000 ",FM,Minus,0,,0,,,Name,GB3SZ,4,0,Off,,,,,,,
261,"0.0000 ",FM,Minus,0,,0,,,Name,GB3TA,4,0,Off,,,,,,,
262,"0.0000 ",FM,Minus,0,,0,,,Name,GB3TD,4,0,Off,,,,,,,
263,"0.0000 ",FM,Minus,0,,0,,,Name,GB3TF,4,0,Off,,,,,,,
264,"0.0000 ",FM,Minus,0,,0,,,Name,GB3TH,4,0,Off,,,,,,,
265,"0.0000 ",FM,Minus,0,,0,,,Name,GB3TJ,4,0,Off,,,,,,,
266,"0.0000 ",FM,Minus,0,,0,,,Name,GB3TO,4,0,Off,,,,,,,
267,"0.0000 ",FM,Minus,0,,0,,,Name,GB3TP,4,0,Off,,,,,,,
268,"0.0000 ",FM,Minus,0,,0,,,Name,GB3TR,4,0,Off,,,,,,,
269,"0.0000 ",FM,Minus,0,,0,,,Name,GB3TS,4,0,Off,,,,,,,
270,"0.0000 ",FM,Minus,0,,0,,,Name,GB3TU,4,0,Off,,,,,,,
271,"0.0000 ",FM,Minus,0,,0,,,Name,GB3TW,4,0,Off,,,,,,,
272,"0.0000 ",FM,Minus,0,,0,,,Name,GB3TX,4,0,Off,,,,,,,
273,"0.0000 ",FM,Minus,0,,0,,,Name,GB3TY,4,0,Off,,,,,,,
274,"0.0000 ",FM,Minus,0,,0,,,Name,GB3UB,4,0,Off,,,,,,,
275,"0.0000 ",FM,Minus,0,,0,,,Name,GB3UI,4,0,Off,,,,,,,
276,"0.0000 ",FM,Minus,0,,0,,,Name,GB3UK,4,0,Off,,,,,,,
277,"0.0000 ",FM,Minus,0,,0,,,Name,GB3UL,4,0,Off,,,,,,,
278,"0.0000 ",FM,Minus,0,,0,,,Name,GB3UM,4,0,Off,,,,,,,
279,"0.0000 ",FM,Minus,0,,0,,,Name,GB3UO,4,0,Off,,,,,,,
280,"0.0000 ",FM,Minus,0,,0,,,Name,GB3US,4,0,Off,,,,,,,
281,"0.0000 ",FM,Minus,0,,0,,,Name,GB3VA,4,0,Off,,,,,,,
282,"0.0000 ",FM,Minus,0,,0,,,Name,GB3VE,4,0,Off,,,,,,,
283,"0.0000 ",FM,Minus,0,,0,,,Name,GB3VH,4,0,Off,,,,,,,
284,"0.0000 ",FM,Minus,0,,0,,,Name,GB3VI,4,0,Off,,,,,,,
285,"0.0000 ",FM,Minus,0,,0,,,Name,GB3VM,4,0,Off,,,,,,,
286,"0.0000 ",FM,Minus,0,,0,,,Name,GB3VN,4,0,Off,,,,,,,
287,"0.0000 ",FM,Minus,0,,0,,,Name,GB3VS,4,0,Off,,,,,,,
288,"0.0000 ",FM,Minus,0,,0,,,Name,GB3VT,4,0,Off,,,,,,,
289,"0.0000 ",FM,Minus,0,,0,,,Name,GB3VW,4,0,Off,,,,,,,
290,"0.0000 ",FM,Minus,0,,0,,,Name,GB3WA,4,0,Off,,,,,,,
291,"0.0000 ",FM,Minus,0,,0,,,Name,GB3WB,4,0,Off,,,,,,,
292,"0.0000 ",FM,Minus,0,,0,,,Name,GB3WC,4,0,Off,,,,,,,
293,"0.0000 ",FM,Minus,0,,0,,,Name,GB3WD,4,0,Off,,,,,,,
294,"0.0000 ",FM,Minus,0,,0,,,Name,GB3WE,4,0,Off,,,,,,,
295,"0.0000 ",FM,Minus,0,,0,,,Name,GB3WF,4,0,Off,,,,,,,
296,"0.0000 ",FM,Minus,0,,0,,,Name,GB3WG,4,0,Off,,,,,,,
297,"0.0000 ",FM,Minus,0,,0,,,Name,GB3WH,4,0,Off,,,,,,,
298,"0.0000 ",FM,Minus,0,,0,,,Name,GB3WI,4,0,Off,,,,,,,
299,"0.0000 ",FM,Minus,0,,0,,,Name,GB3WJ,4,0,Off,,,,,,,
300,"0.0000 ",FM,Minus,0,,0,,,Name,GB3WK,4,0,Off,,,,,,,
301,"0.0000 ",FM,Minus,0,,0,,,Name,GB3WL,4,0,Off,,,,,,,
302,"0.0000 ",FM,Minus,0,,0,,,Name,GB3WN,4,0,Off,,,,,,,
303,"0.0000 ",FM,Minus,0,,0,,,Name,GB3WP,4,0,Off,,,,,,,
304,"0.0000 ",FM,Minus,0,,0,,,Name,GB3WR,4,0,Off,,,,,,,
305,"0.0000 ",FM,Minus,0,,0,,,Name,GB3WS,4,0,Off,,,,,,,
306,"0.0000 ",FM,Minus,0,,0,,,Name,GB3WT,4,0,Off,,,,,,,
307,"0.0000 ",FM,Minus,0,,0,,,Name,GB3WU,4,0,Off,,,,,,,
308,"0.0000 ",FM,Minus,0,,0,,,Name,GB3WW,4,0,Off,,,,,,,
309,"0.0000 ",FM,Minus,0,,0,,,Name,GB3WX-10,4,0,Off,,,,,,,
310,"0.0000 ",FM,Minus,0,,0,,,Name,GB3WX-6,4,0,Off,,,,,,,
311,"0.0000 ",FM,Minus,0,,0,,,Name,GB3WY,4,0,Off,,,,,,,
312,"0.0000 ",FM,Minus,0,,0,,,Name,GB3XD,4,0,Off,,,,,,,
313,"0.0000 ",FM,Minus,0,,0,,,Name,GB3XL,4,0,Off,,,,,,,
314,"0.0000 ",FM,Minus,0,,0,,,Name,GB3XN,4,0,Off,,,,,,,
315,"0.0000 ",FM,Minus,0,,0,,,Name,GB3XP,4,0,Off,,,,,,,
316,"0.0000 ",FM,Minus,0,,0,,,Name,GB3XX,4,0,Off,,,,,,,
317,"0.0000 ",FM,Minus,0,,0,,,Name,GB3YC,4,0,Off,,,,,,,
318,"0.0000 ",FM,Minus,0,,0,,,Name,GB3YL,4,0,Off,,,,,,,
319,"0.0000 ",FM,Minus,0,,0,,,Name,GB3YS,4,0,Off,,,,,,,
320,"0.0000 ",FM,Minus,0,,0,,,Name,GB3YW,4,0,Off,,,,,,,
321,"0.0000 ",FM,Minus,0,,0,,,Name,GB3ZA,4,0,Off,,,,,,,
322,"0.0000 ",FM,Minus,0,,0,,,Name,GB3ZB,4,0,Off,,,,,,,
323,"0.0000 ",FM,Minus,0,,0,,,Name,GB3ZI,4,0,Off,,,,,,,
324,"0.0000 ",FM,Minus,0,,0,,,Name,GB3ZW,4,0,Off,,,,,,,
325,"0.0000 ",FM,Minus,0,,0,,,Name,GB3ZX,4,0,Off,,,,,,,
326,"0.0000 ",FM,Minus,0,,0,,,Name,GB3ZY,4,0,Off,,,,,,,
327,"0.0000 ",FM,Minus,0,,0,,,Name,GB40PY,4,0,Off,,,,,,,
328,"0.0000 ",FM,Minus,0,,0,,,Name,GB7AA,4,0,Off,,,,,,,
329,"0.0000 ",FM,Minus,0,,0,,,Name,GB7AD,4,0,Off,,,,,,,
330,"0.0000 ",FM,Minus,0,,0,,,Name,GB7AU,4,0,Off,,,,,,,
331,"0.0000 ",FM,Minus,0,,0,,,Name,GB7AV,4,0,Off,,,,,,,
332,"0.0000 ",FM,Minus,0,,0,,,Name,GB7BD,4,0,Off,,,,,,,
333,"0.0000 ",FM,Minus,0,,0,,,Name,GB7BE,4,0,Off,,,,,,,
334,"0.0000 ",FM,Minus,0,,0,,,Name,GB7BH,4,0,Off,,,,,,,
335,"0.0000 ",FM,Minus,0,,0,,,Name,GB7BM,4,0,Off,,,,,,,
336,"0.0000 ",FM,Minus,0,,0,,,Name,GB7BP,4,0,Off,,,,,,,
337,"0.0000 ",FM,Minus,0,,0,,,Name,GB7BS,4,0,Off,,,,,,,
338,"0.0000 ",FM,Minus,0,,0,,,Name,GB7BX,4,0,Off,,,,,,,
339,"0.0000 ",FM,Minus,0,,0,,,Name,GB7CD,4,0,Off,,,,,,,
340,"0.0000 ",FM,Minus,0,,0,,,Name,GB7CF,4,0,Off,,,,,,,
341,"0.0000 ",FM,Minus,0,,0,,,Name,GB7CH,4,0,Off,,,,,,,
342,"0.0000 ",FM,Minus,0,,0,,,Name,GB7CM,4,0,Off,,,,,,,
343,"0.0000 ",FM,Minus,0,,0,,,Name,GB7CT,4,0,Off,,,,,,,
344,"0.0000 ",FM,Minus,0,,0,,,Name,GB7CW,4,0,Off,,,,,,,
345,"0.0000 ",FM,Minus,0,,0,,,Name,GB7DB,4,0,Off,,,,,,,
346,"0.0000 ",FM,Minus,0,,0,,,Name,GB7DC,4,0,Off,,,,,,,
347,"0.0000 ",FM,Minus,0,,0,,,Name,GB7DD,4,0,Off,,,,,,,
348,"0.0000 ",FM,Minus,0,,0,,,Name,GB7DE-B,4,0,Off,,,,,,,
349,"0.0000 ",FM,Minus,0,,0,,,Name,GB7DE-C,4,0,Off,,,,,,,
350,"0.0000 ",FM,Minus,0,,0,,,Name,GB7DG,4,0,Off,,,,,,,
351,"0.0000 ",FM,Minus,0,,0,,,Name,GB7DK-B,4,0,Off,,,,,,,
352,"0.0000 ",FM,Minus,0,,0,,,Name,GB7DK-C,4,0,Off,,,,,,,
353,"0.0000 ",FM,Minus,0,,0,,,Name,GB7DN,4,0,Off,,,,,,,
354,"0.0000 ",FM,Minus,0,,0,,,Name,GB7DR,4,0,Off,,,,,,,
355,"0.0000 ",FM,Minus,0,,0,,,Name,GB7DS,4,0,Off,,,,,,,
356,"0.0000 ",FM,Minus,0,,0,,,Name,GB7DV,4,0,Off,,,,,,,
357,"0.0000 ",FM,Minus,0,,0,,,Name,GB7DX,4,0,Off,,,,,,,
358,"0.0000 ",FM,Minus,0,,0,,,Name,GB7EB,4,0,Off,,,,,,,
359,"0.0000 ",FM,Minus,0,,0,,,Name,GB7ED,4,0,Off,,,,,,,
360,"0.0000 ",FM,Minus,0,,0,,,Name,GB7EL,4,0,Off,,,,,,,
361,"0.0000 ",FM,Minus,0,,0,,,Name,GB7EN,4,0,Off,,,,,,,
362,"0.0000 ",FM,Minus,0,,0,,,Name,GB7EP,4,0,Off,,,,,,,
363,"0.0000 ",FM,Minus,0,,0,,,Name,GB7ER,4,0,Off,,,,,,,
364,"0.0000 ",FM,Minus,0,,0,,,Name,GB7ES,4,0,Off,,,,,,,
365,"0.0000 ",FM,Minus,0,,0,,,Name,GB7EX,4,0,Off,,,,,,,
366,"0.0000 ",FM,Minus,0,,0,,,Name,GB7FC,4,0,Off,,,,,,,
367,"0.0000 ",FM,Minus,0,,0,,,Name,GB7FH,4,0,Off,,,,,,,
368,"0.0000 ",FM,Minus,0,,0,,,Name,GB7FK-B,4,0,Off,,,,,,,
369,"0.0000 ",FM,Minus,0,,0,,,Name,GB7FK-C,4,0,Off,,,,,,,
370,"0.0000 ",FM,Minus,0,,0,,,Name,GB7FW,4,0,Off,,,,,,,
371,"0.0000 ",FM,Minus,0,,0,,,Name,GB7GB,4,0,Off,,,,,,,
372,"0.0000 ",FM,Minus,0,,0,,,Name,GB7GC,4,0,Off,,,,,,,
373,"0.0000 ",FM,Minus,0,,0,,,Name,GB7GD,4,0,Off,,,,,,,
374,"0.0000 ",FM,Minus,0,,0,,,Name,GB7GF,4,0,Off,,,,,,,
375,"0.0000 ",FM,Minus,0,,0,,,Name,GB7GL,4,0,Off,,,,,,,
376,"0.0000 ",FM,Minus,0,,0,,,Name,GB7GT,4,0,Off,,,,,,,
377,"0.0000 ",FM,Minus,0,,0,,,Name,GB7HD-B,4,0,Off,,,,,,,
378,"0.0000 ",FM,Minus,0,,0,,,Name,GB7HM,4,0,Off,,,,,,,
379,"0.0000 ",FM,Minus,0,,0,,,Name,GB7HR,4,0,Off,,,,,,,
380,"0.0000 ",FM,Minus,0,,0,,,Name,GB7HS,4,0,Off,,,,,,,
381,"0.0000 ",FM,Minus,0,,0,,,Name,GB7HU,4,0,Off,,,,,,,
382,"0.0000 ",FM,Minus,0,,0,,,Name,GB7HX,4,0,Off,,,,,,,
383,"0.0000 ",FM,Minus,0,,0,,,Name,GB7IC-A,4,0,Off,,,,,,,
384,"0.0000 ",FM,Minus,0,,0,,,Name,GB7IC-B,4,0,Off,,,,,,,
385,"0.0000 ",FM,Minus,0,,0,,,Name,GB7IC-C,4,0,Off,,,,,,,
386,"0.0000 ",FM,Minus,0,,0,,,Name,GB7ID,4,0,Off,,,,,,,
387,"0.0000 ",FM,Minus,0,,0,,,Name,GB7IK,4,0,Off,,,,,,,
388,"0.0000 ",FM,Minus,0,,0,,,Name,GB7IQ,4,0,Off,,,,,,,
389,"0.0000 ",FM,Minus,0,,0,,,Name,GB7JB,4,0,Off,,,,,,,
390,"0.0000 ",FM,Minus,0,,0,,,Name,GB7JF,4,0,Off,,,,,,,
391,"0.0000 ",FM,Minus,0,,0,,,Name,GB7JH-B,4,0,Off,,,,,,,
392,"0.0000 ",FM,Minus,0,,0,,,Name,GB7JH-C,4,0,Off,,,,,,,
393,"0.0000 ",FM,Minus,0,,0,,,Name,GB7KH,4,0,Off,,,,,,,
394,"0.0000 ",FM,Minus,0,,0,,,Name,GB7LE,4,0,Off,,,,,,,
395,"0.0000 ",FM,Minus,0,,0,,,Name,GB7LF,4,0,Off,,,,,,,
396,"0.0000 ",FM,Minus,0,,0,,,Name,GB7LN,4,0,Off,,,,,,,
397,"0.0000 ",FM,Minus,0,,0,,,Name,GB7LP,4,0,Off,,,,,,,
398,"0.0000 ",FM,Minus,0,,0,,,Name,GB7MA,4,0,Off,,,,,,,
399,"0.0000 ",FM,Minus,0,,0,,,Name,GB7MB,4,0,Off,,,,,,,
400,"0.0000 ",FM,Minus,0,,0,,,Name,GB7MC,4,0,Off,,,,,,,
401,"0.0000 ",FM,Minus,0,,0,,,Name,GB7MH,4,0,Off,,,,,,,
402,"0.0000 ",FM,Minus,0,,0,,,Name,GB7MR,4,0,Off,,,,,,,
403,"0.0000 ",FM,Minus,0,,0,,,Name,GB7NB,4,0,Off,,,,,,,
404,"0.0000 ",FM,Minus,0,,0,,,Name,GB7NE,4,0,Off,,,,,,,
405,"0.0000 ",FM,Minus,0,,0,,,Name,GB7NI,4,0,Off,,,,,,,
406,"0.0000 ",FM,Minus,0,,0,,,Name,GB7NL,4,0,Off,,,,,,,
407,"0.0000 ",FM,Minus,0,,0,,,Name,GB7NM,4,0,Off,,,,,,,
408,"0.0000 ",FM,Minus,0,,0,,,Name,GB7NS,4,0,Off,,,,,,,
409,"0.0000 ",FM,Minus,0,,0,,,Name,GB7NU,4,0,Off,,,,,,,
410,"0.0000 ",FM,Minus,0,,0,,,Name,GB7OK,4,0,Off,,,,,,,
411,"0.0000 ",FM,Minus,0,,0,,,Name,GB7PB,4,0,Off,,,,,,,
412,"0.0000 ",FM,Minus,0,,0,,,Name,GB7PD-C,4,0,Off,,,,,,,
413,"0.0000 ",FM,Minus,0,,0,,,Name,GB7PI,4,0,Off,,,,,,,
414,"0.0000 ",FM,Minus,0,,0,,,Name,GB7PN,4,0,Off,,,,,,,
415,"0.0000 ",FM,Minus,0,,0,,,Name,GB7PP,4,0,Off,,,,,,,
416,"0.0000 ",FM,Minus,0,,0,,,Name,GB7PT,4,0,Off,,,,,,,
417,"0.0000 ",FM,Minus,0,,0,,,Name,GB7RB-C,4,0,Off,,,,,,,
418,"0.0000 ",FM,Minus,0,,0,,,Name,GB7RN,4,0,Off,,,,,,,
419,"0.0000 ",FM,Minus,0,,0,,,Name,GB7RR,4,0,Off,,,,,,,
420,"0.0000 ",FM,Minus,0,,0,,,Name,GB7RW,4,0,Off,,,,,,,
421,"0.0000 ",FM,Minus,0,,0,,,Name,GB7RY,4,0,Off,,,,,,,
422,"0.0000 ",FM,Minus,0,,0,,,Name,GB7SB,4,0,Off,,,,,,,
423,"0.0000 ",FM,Minus,0,,0,,,Name,GB7SC,4,0,Off,,,,,,,
424,"0.0000 ",FM,Minus,0,,0,,,Name,GB7SD,4,0,Off,,,,,,,
425,"0.0000 ",FM,Minus,0,,0,,,Name,GB7SE,4,0,Off,,,,,,,
426,"0.0000 ",FM,Minus,0,,0,,,Name,GB7SF,4,0,Off,,,,,,,
427,"0.0000 ",FM,Minus,0,,0,,,Name,GB7SH,4,0,Off,,,,,,,
428,"0.0000 ",FM,Minus,0,,0,,,Name,GB7SJ,4,0,Off,,,,,,,
429,"0.0000 ",FM,Minus,0,,0,,,Name,GB7SN,4,0,Off,,,,,,,
430,"0.0000 ",FM,Minus,0,,0,,,Name,GB7SO,4,0,Off,,,,,,,
431,"0.0000 ",FM,Minus,0,,0,,,Name,GB7SR,4,0,Off,,,,,,,
432,"0.0000 ",FM,Minus,0,,0,,,Name,GB7SS,4,0,Off,,,,,,,
433,"0.0000 ",FM,Minus,0,,0,,,Name,GB7TD,4,0,Off,,,,,,,
434,"0.0000 ",FM,Minus,0,,0,,,Name,GB7TE,4,0,Off,,,,,,,
435,"0.0000 ",FM,Minus,0,,0,,,Name,GB7TP,4,0,Off,,,,,,,
436,"0.0000 ",FM,Minus,0,,0,,,Name,GB7TQ,4,0,Off,,,,,,,
437,"0.0000 ",FM,Minus,0,,0,,,Name,GB7TV,4,0,Off,,,,,,,
438,"0.0000 ",FM,Minus,0,,0,,,Name,GB7VO,4,0,Off,,,,,,,
439,"0.0000 ",FM,Minus,0,,0,,,Name,GB7WB,4,0,Off,,,,,,,
440,"0.0000 ",FM,Minus,0,,0,,,Name,GB7WC,4,0,Off,,,,,,,
441,"0.0000 ",FM,Minus,0,,0,,,Name,GB7WF,4,0,Off,,,,,,,
442,"0.0000 ",FM,Minus,0,,0,,,Name,GB7WI,4,0,Off,,,,,,,
443,"0.0000 ",FM,Minus,0,,0,,,Name,GB7WL,4,0,Off,,,,,,,
444,"0.0000 ",FM,Minus,0,,0,,,Name,GB7WP,4,0,Off,,,,,,,
445,"0.0000 ",FM,Minus,0,,0,,,Name,GB7WT,4,0,Off,,,,,,,
446,"0.0000 ",FM,Minus,0,,0,,,Name,GB7YD-A,4,0,Off,,,,,,,
447,"0.0000 ",FM,Minus,0,,0,,,Name,GB7YD-B,4,0,Off,,,,,,,
448,"0.0000 ",FM,Minus,0,,0,,,Name,GB7YD-C,4,0,Off,,,,,,,
449,"0.0000 ",FM,Minus,0,,0,,,Name,GB7ZP,4,0,Off,,,,,,,
450,"0.0000 ",FM,Minus,0,,0,,,Name,repeater,4,0,Off,,,,,,,
